Spotify URI,Energy,Danceability,Valence,Acousticness,Instrumentalness,Liveness,Speechiness,Tempo,Key,Mode,Time Signature,Loudness,Duration (ms),Genre,All Genres,Fetched At
spotify:track:2gZUPNdnz5Y45eiGxpHGSc,,,,,,,,,,,,,292093,rap,rap,2025-11-14T09:03:58.574Z
spotify:track:2KH16WveTQWT6KOG9Rg6e2,,,,,,,,,,,,,245640,,,2025-11-14T09:03:58.574Z
spotify:track:2qjH6wZfR0g11ZiT7KqyRO,,,,,,,,,,,,,134200,post-hardcore,post-hardcore; metalcore,2025-11-14T09:03:58.574Z
spotify:track:3IV4swNduIRunHREK80owz,,,,,,,,,,,,,213760,nu metal,nu metal; rap metal; alternative metal; rap rock,2025-11-14T09:03:58.574Z
spotify:track:4bqSES0mkm6RxFrRcIKHtj,,,,,,,,,,,,,260333,metal,metal,2025-11-14T09:03:58.574Z
spotify:track:4K1DB7EedHPuVnhVrnvf2U,,,,,,,,,,,,,244693,rap metal,rap metal; rap rock; alternative metal; nu metal,2025-11-14T09:03:58.574Z
spotify:track:4UEo1b0wWrtHMC8bVqPiH8,,,,,,,,,,,,,374453,metal,metal; alternative metal,2025-11-14T09:03:58.574Z
spotify:track:4wSmqFg31t6LsQWtzYAJob,,,,,,,,,,,,,234960,french house,french house; new rave,2025-11-14T09:03:58.574Z
spotify:track:4Yqy0GpeDEXLibWJCZyQew,,,,,,,,,,,,,282653,glam metal,glam metal; glam rock; hard rock,2025-11-14T09:03:58.574Z
spotify:track:5AyL2kgLtTWEu3qO3B9SqK,,,,,,,,,,,,,216893,,,2025-11-14T09:03:58.574Z
spotify:track:5cZqsjVs6MevCnAkasbEOX,,,,,,,,,,,,,166706,nu metal,nu metal; rap metal; alternative metal; rap rock,2025-11-14T09:04:45.134Z
spotify:track:5DooySfCD1xCJ49gQm9rx7,,,,,,,,,,,,,190760,nu metal,nu metal; christian rock; rap metal; rap rock; alternative metal,2025-11-14T09:04:45.134Z
spotify:track:67awxiNHNyjMXhVgsHuIrs,,,,,,,,,,,,,213733,crunk,crunk,2025-11-14T09:04:45.135Z
spotify:track:6C7ZgThn6Yan5MTZdAEEFw,,,,,,,,,,,,,289693,old school hip hop,old school hip hop; east coast hip hop; rap,2025-11-14T09:04:45.135Z
spotify:track:6kooDsorCpWVMGc994XjWN,,,,,,,,,,,,,238973,southern rock,southern rock,2025-11-14T09:04:45.135Z
spotify:track:6wkGAHXc6tGSSp3SB9frKN,,,,,,,,,,,,,142344,progressive trance,progressive trance,2025-11-14T09:04:45.135Z
spotify:track:7CpbhqKUedOIrcvc94p60Y,,,,,,,,,,,,,201960,nu metal,nu metal; alternative metal; rap metal; metal,2025-11-14T09:04:45.135Z
spotify:track:7fcfNW0XxTWlwVlftzfDOR,,,,,,,,,,,,,315120,groove metal,groove metal; metal; thrash metal; heavy metal,2025-11-14T09:04:45.135Z
spotify:track:7x8dCjCr0x6x2lXKujYD34,,,,,,,,,,,,,269373,rock,rock; post-grunge; alternative rock; grunge,2025-11-14T09:04:45.135Z
spotify:track:05wIrZSwuaVWhcv5FfqeH0,,,,,,,,,,,,,238733,,,2025-11-14T09:04:45.135Z
spotify:track:0FDzzruyVECATHXKHFs9eJ,,,,,,,,,,,,,267866,,,2025-11-14T09:04:45.135Z
spotify:track:0P2vAvvWni2tNXOdbH3JFk,,,,,,,,,,,,,167160,jangle pop,jangle pop,2025-11-14T09:04:45.135Z
spotify:track:1Q3t9fWvHUXKsMmpD2XpUu,,,,,,,,,,,,,214386,,,2025-11-14T09:04:45.135Z
spotify:track:2aibwv5hGXSgw7Yru8IYTO,,,,,,,,,,,,,334666,funk rock,funk rock; alternative rock; rock,2025-11-14T09:04:45.135Z
spotify:track:2EoOZnxNgtmZaD8uUmz2nD,,,,,,,,,,,,,318586,grunge,grunge; post-grunge; hard rock,2025-11-14T09:04:45.135Z
spotify:track:2LawezPeJhN4AWuSB0GtAU,,,,,,,,,,,,,160133,classic rock,classic rock; southern rock; country rock,2025-11-14T09:04:45.135Z
spotify:track:2QjOHCTQ1Jl3zawyYOpxh6,,,,,,,,,,,,,240400,,,2025-11-14T09:04:45.135Z
spotify:track:4fiOTntQKr24p07FvQDHZE,,,,,,,,,,,,,255186,thrash metal,thrash metal; metal; speed metal; heavy metal; groove metal; death metal,2025-11-14T09:04:45.135Z
spotify:track:4lJNen4SMTIJMahALc3DcB,,,,,,,,,,,,,187026,moombahton,moombahton,2025-11-14T09:04:45.135Z
spotify:track:4pF42a0ckjj7S0g2U4twgI,,,,,,,,,,,,,161097,,,2025-11-14T09:04:45.135Z
spotify:track:4zLBcDtvYNVtF9fnG6lme3,,,,,,,,,,,,,179960,tropical house,tropical house,2025-11-14T09:04:45.135Z
spotify:track:59QIgqcD62bFcSty0J84Vr,,,,,,,,,,,,,180444,metalcore,metalcore; nu metal,2025-11-14T09:04:45.135Z
spotify:track:5aFGo8wHEntVxFI8IF7Wuj,,,,,,,,,,,,,236933,garage rock,garage rock; rock,2025-11-14T09:04:45.135Z
spotify:track:5pSvjjfsh34sLrkYSNGCl4,,,,,,,,,,,,,225706,,,2025-11-14T09:04:45.135Z
spotify:track:5Ua7JMWHaHTvYnvUgcyilk,,,,,,,,,,,,,177448,southern gothic,southern gothic,2025-11-14T09:04:45.135Z
spotify:track:6ScGvnnuv1Ag1oouYS8xLW,,,,,,,,,,,,,255374,,,2025-11-14T09:04:45.135Z
spotify:track:6Sy9BUbgFse0n0LPA5lwy5,,,,,,,,,,,,,225493,eurodance,eurodance,2025-11-14T09:04:45.135Z
spotify:track:7vidktgNZFQylTgH1GEnMs,,,,,,,,,,,,,203133,aor,aor; classic rock,2025-11-14T09:04:45.135Z
spotify:track:0aTltS2EBEW76JBVQhIQ7a,,,,,,,,,,,,,243720,,,2025-11-14T09:04:45.135Z
spotify:track:0G6cDf9GNtv0ZkJNAMFLrZ,,,,,,,,,,,,,313293,j-rock,j-rock; anime; visual kei,2025-11-14T09:04:45.135Z
spotify:track:1158ckiB5S4cpsdYHDB9IF,,,,,,,,,,,,,214760,nu metal,nu metal; alternative metal; rap metal; shoegaze; rock,2025-11-14T09:04:45.135Z
spotify:track:1MQrMQwfqjgOjXEUaN9AMd,,,,,,,,,,,,,170466,,,2025-11-14T09:04:45.135Z
spotify:track:1PTaMDALMwDMtXQXOXti8d,,,,,,,,,,,,,100800,deathcore,deathcore; metalcore; deathcore,2025-11-14T09:04:45.135Z
spotify:track:27sTzAelgljD6Uxp88BqA3,,,,,,,,,,,,,252280,melodic death metal,melodic death metal; metal; death metal; heavy metal,2025-11-14T09:04:45.135Z
spotify:track:2DlHlPMa4M17kufBvI2lEN,,,,,,,,,,,,,210240,nu metal,nu metal; metal; alternative metal; rap metal; rock,2025-11-14T09:04:45.135Z
spotify:track:2lN6G35gsXkA3xzPYqmis5,,,,,,,,,,,,,285706,drum and bass,drum and bass; melodic death metal; metal; death metal; metalcore,2025-11-14T09:04:45.135Z
spotify:track:3GfOAdcoc3X5GPiiXmpBjK,,,,,,,,,,,,,121880,britpop,britpop; madchester; alternative rock,2025-11-14T09:04:45.135Z
spotify:track:4Dio1t8RHzLv1nfPJTSZyP,,,,,,,,,,,,,195440,,,2025-11-14T09:04:45.135Z
spotify:track:4h7t0JQt9QyAIooTQxcw85,,,,,,,,,,,,,183506,,,2025-11-14T09:04:45.135Z
spotify:track:4mVzCmTZeBOkvSQsuvFQWh,,,,,,,,,,,,,244744,pop punk,pop punk; emo; midwest emo,2025-11-14T09:04:45.135Z
spotify:track:4zfEDLbmmI7V9Yt12s0DQH,,,,,,,,,,,,,534760,metal,metal; thrash metal; rock; heavy metal; hard rock,2025-11-14T09:04:45.135Z
spotify:track:57bgtoPSgt236HzfBOd8kj,,,,,,,,,,,,,292880,rock,rock; hard rock; classic rock; rock and roll,2025-11-14T09:04:45.135Z
spotify:track:5dAtKXyrQoQW054LZqJ5dP,,,,,,,,,,,,,221000,melodic bass,melodic bass; future bass; edm; techno; dubstep; riddim; deathstep; edm; dub; melodic bass; bass music; techno; metalcore; metal,2025-11-14T09:04:45.135Z
spotify:track:5q6B0DoWZDo3aeeQizokyw,,,,,,,,,,,,,199080,thrash metal,thrash metal; groove metal; metal; death metal; nu metal; heavy metal; speed metal; alternative metal,2025-11-14T09:04:45.135Z
spotify:track:62feRreeM9ea7i2VHVSKrg,,,,,,,,,,,,,168750,melbourne bounce,melbourne bounce; big room,2025-11-14T09:04:45.135Z
spotify:track:6nTiIhLmQ3FWhvrGafw2zj,,,,,,,,,,,,,176346,punk,punk; pop punk,2025-11-14T09:04:45.135Z
spotify:track:6OMO6WdRhSfjMPAiPT94wH,,,,,,,,,,,,,179160,post-grunge,post-grunge; rock,2025-11-14T09:04:45.135Z
spotify:track:0Jvmz9h3JuJZlTH1WcqyQG,,,,,,,,,,,,,160000,,,2025-11-14T09:04:45.135Z
spotify:track:0V7joapUtnZmfLhLj1QVI4,,,,,,,,,,,,,179373,noise rock,noise rock; industrial; witch house; industrial rock; industrial metal,2025-11-14T09:04:45.135Z
spotify:track:1jvn8lZb2sfFQccN76MnV3,,,,,,,,,,,,,203517,,,2025-11-14T09:04:45.135Z
spotify:track:1WV1hAtDb5iHzVlbZ4XKKD,,,,,,,,,,,,,187853,christian rock,christian rock; christian alternative rock,2025-11-14T09:04:45.716Z
spotify:track:2JGOtqIA0i5aFkK03Ktt8Z,,,,,,,,,,,,,168045,,,2025-11-14T09:04:45.716Z
spotify:track:2TOb83hrjLZAtxytar7wYz,,,,,,,,,,,,,231302,,,2025-11-14T09:04:45.716Z
spotify:track:2x1jP9BexWtOKudvuUHbaD,,,,,,,,,,,,,303200,,,2025-11-14T09:04:45.716Z
spotify:track:3gcwc81JOrMSFUXr8PAkMV,,,,,,,,,,,,,243960,alternative metal,alternative metal; nu metal,2025-11-14T09:04:45.716Z
spotify:track:3IXur29Br7NhKlMDQgckTv,,,,,,,,,,,,,223238,midwest emo,midwest emo; indie punk; pop punk,2025-11-14T09:04:45.716Z
spotify:track:4IX6QvjOI62tyHigVsTUlv,,,,,,,,,,,,,188813,metalcore,metalcore; post-hardcore; pop punk; screamo; emo,2025-11-14T09:04:45.716Z
spotify:track:4KJKj7GZLzxq1bXRu0XP6l,,,,,,,,,,,,,222706,noise rock,noise rock,2025-11-14T09:04:45.716Z
spotify:track:4xdBrk0nFZaP54vvZj0yx7,,,,,,,,,,,,,184841,,,2025-11-14T09:04:45.716Z
spotify:track:5bZwpT4em6OVU9u1VS4KW8,,,,,,,,,,,,,192066,folk,folk; indie folk; folk rock,2025-11-14T09:04:45.716Z
spotify:track:5w6B0sAH7XauCvMOAtplQj,,,,,,,,,,,,,197520,,,2025-11-14T09:04:45.716Z
spotify:track:6IdyYbGg1jxiWhfwm2Ykjn,,,,,,,,,,,,,262631,metalcore,metalcore; djent; metal,2025-11-14T09:04:45.716Z
spotify:track:79y39naVOPTUt8clHsdjBp,,,,,,,,,,,,,212546,,,2025-11-14T09:04:45.716Z
spotify:track:7xDd7gl6AGgpiOz5trz4dM,,,,,,,,,,,,,200026,,,2025-11-14T09:04:45.716Z
spotify:track:08E0TIudwefGjA27W4zrnf,,,,,,,,,,,,,267750,,,2025-11-14T09:04:45.716Z
spotify:track:0Cv9IzjMms9UAuZ5VL59pR,,,,,,,,,,,,,219493,k-pop,k-pop,2025-11-14T09:04:45.716Z
spotify:track:0V3wPSX9ygBnCm8psDIegu,,,,,,,,,,,,,200690,,,2025-11-14T09:04:45.716Z
spotify:track:2bCQHF9gdG5BNDVuEIEnNk,,,,,,,,,,,,,257760,,,2025-11-14T09:04:45.716Z
spotify:track:3gdPwk2wyOXNRnTA1KXnEr,,,,,,,,,,,,,210880,soft pop,soft pop,2025-11-14T09:04:45.716Z
spotify:track:40ZJU728lHw3964tw1Xaps,,,,,,,,,,,,,242133,country,country; acoustic country,2025-11-14T09:04:45.716Z
spotify:track:48UPSzbZjgc449aqz8bxox,,,,,,,,,,,,,329733,funk rock,funk rock; alternative rock; rock,2025-11-14T09:04:45.716Z
spotify:track:4m0TN1vxZbiuEUcznM63II,,,,,,,,,,,,,285773,,,2025-11-14T09:04:45.716Z
spotify:track:5dWUTX3wNkCpVT2ADvEJ7r,,,,,,,,,,,,,313760,,,2025-11-14T09:04:45.716Z
spotify:track:5EYdTPdJD74r9EVZBztqGG,,,,,,,,,,,,,260506,,,2025-11-14T09:04:45.716Z
spotify:track:5QO79kh1waicV47BqGRL3g,,,,,,,,,,,,,215626,,,2025-11-14T09:04:45.716Z
spotify:track:5Sh9v7RwibuV34tdjscwx5,,,,,,,,,,,,,387706,big beat,big beat,2025-11-14T09:04:45.716Z
spotify:track:5tXgNRHlUyfrc7P5GgpwnI,,,,,,,,,,,,,213000,metalcore,metalcore; metal,2025-11-14T09:04:45.716Z
spotify:track:5wzzFDB2zMqjtUiw1u07ui,,,,,,,,,,,,,222870,,,2025-11-14T09:04:45.716Z
spotify:track:6W21LNLz9Sw7sUSNWMSHRu,,,,,,,,,,,,,255733,nu metal,nu metal; metal; rap metal; alternative metal,2025-11-14T09:04:45.716Z
spotify:track:6YUTL4dYpB9xZO5qExPf05,,,,,,,,,,,,,222533,edm,edm,2025-11-14T09:04:45.716Z
spotify:track:756CJtQRFSxEx9jV4P9hpA,,,,,,,,,,,,,216453,glam metal,glam metal,2025-11-14T09:04:45.716Z
spotify:track:7lQ8MOhq6IN2w8EYcFNSUk,,,,,,,,,,,,,290320,rap,rap; hip hop,2025-11-14T09:04:45.716Z
spotify:track:0lKyMPBRuIDCX56NORu5NZ,,,,,,,,,,,,,210573,schlager,schlager; schlagerparty; german pop; schlager; schlagerparty; german pop,2025-11-14T09:04:45.716Z
spotify:track:0zscoYz9i6MlSj6wyUcjr1,,,,,,,,,,,,,259573,groove metal,groove metal; nu metal; metal; rap metal; alternative metal; thrash metal,2025-11-14T09:04:45.716Z
spotify:track:1elGwF4VwkwglV4nCBPJtv,,,,,,,,,,,,,254293,soundtrack,soundtrack; soundtrack; soundtrack; soundtrack; soundtrack,2025-11-14T09:04:45.716Z
spotify:track:1kQjyyI3xZixtByFizxlXE,,,,,,,,,,,,,231625,afro soul,afro soul; afropop,2025-11-14T09:04:45.716Z
spotify:track:2bPGTMB5sFfFYQ2YvSmup0,,,,,,,,,,,,,322339,industrial metal,industrial metal; metal; industrial rock; industrial,2025-11-14T09:04:45.716Z
spotify:track:2DhpQtdkezoUsSVNBTOLMg,,,,,,,,,,,,,170147,nederpop,nederpop; hollands,2025-11-14T09:04:45.716Z
spotify:track:2IJftBfq7pJ43tfnOR0RB3,,,,,,,,,,,,,231466,neue deutsche welle,neue deutsche welle; schlager; german pop,2025-11-14T09:04:45.716Z
spotify:track:3Mcxi78U3lCjt8DMKa6YY4,,,,,,,,,,,,,191000,french pop,french pop,2025-11-14T09:04:45.717Z
spotify:track:3sK8wGT43QFpWrvNQsrQya,,,,,,,,,,,,,237117,reggaeton,reggaeton; trap latino; urbano latino; latin,2025-11-14T09:04:45.717Z
spotify:track:4AFjPeecGnS3999PV5iOSK,,,,,,,,,,,,,173160,groove metal,groove metal; progressive metal; metal; death metal; djent,2025-11-14T09:04:45.717Z
spotify:track:4TjaiQziGv3OQmCCpxp4CK,,,,,,,,,,,,,175266,,,2025-11-14T09:04:45.717Z
spotify:track:5awDvzxWfd53SSrsRZ8pXO,,,,,,,,,,,,,234226,industrial metal,industrial metal; metal; industrial rock; industrial,2025-11-14T09:04:45.717Z
spotify:track:5KSzv6Ho2Xw1k61SpM3l5n,,,,,,,,,,,,,184440,german pop,german pop; neue deutsche welle,2025-11-14T09:04:45.717Z
spotify:track:6b37xrsNCWYIUphFBazqD6,,,,,,,,,,,,,239986,latin alternative,latin alternative,2025-11-14T09:04:45.717Z
spotify:track:7bx4zW72qdZKBb8p6g80jb,,,,,,,,,,,,,179506,,,2025-11-14T09:04:45.717Z
spotify:track:7LPGJhkRDEW6KopWhD8DbX,,,,,,,,,,,,,224226,french indie pop,french indie pop; french pop; french pop; french indie pop; french indie pop,2025-11-14T09:04:45.717Z
spotify:track:1SZN00cfG8T8UxDmJeqjuv,,,,,,,,,,,,,198826,,,2025-11-14T09:04:45.717Z
spotify:track:1XwR2Yh55jADw1Z5KZeJ3k,,,,,,,,,,,,,203093,folk pop,folk pop,2025-11-14T09:04:45.717Z
spotify:track:2BRaQmaM2bRQoeEbIqeKAd,,,,,,,,,,,,,162429,,,2025-11-14T09:04:46.482Z
spotify:track:2lrQqFPR5VpxPHQLJvpLI3,,,,,,,,,,,,,296399,shoegaze,shoegaze,2025-11-14T09:04:46.482Z
spotify:track:2WpJ6NGVVCk5SX9Cg8kmu0,,,,,,,,,,,,,199644,post-rock,post-rock; math rock,2025-11-14T09:04:46.482Z
spotify:track:3fhdScdTzERrxsprFlcVnd,,,,,,,,,,,,,225750,,,2025-11-14T09:04:46.482Z
spotify:track:3kUB0uomWGCHUtGDi7TEzp,,,,,,,,,,,,,184346,,,2025-11-14T09:04:46.482Z
spotify:track:3r3uKHKwlVyxgcAVMOs6Um,,,,,,,,,,,,,351333,nova mpb,nova mpb; mpb,2025-11-14T09:04:46.482Z
spotify:track:3Rke8pezH16niVCuXyfKb7,,,,,,,,,,,,,194826,,,2025-11-14T09:04:46.482Z
spotify:track:4h8H5JsVpzstnphnaKbAaz,,,,,,,,,,,,,224893,folk pop,folk pop,2025-11-14T09:04:46.482Z
spotify:track:4I6mZfUjm1eCk9VJTbHAhA,,,,,,,,,,,,,271621,,,2025-11-14T09:04:46.482Z
spotify:track:5BuuaLju2ay6snMmM47QS7,,,,,,,,,,,,,172428,,,2025-11-14T09:04:46.482Z
spotify:track:5q33z8fe5CTZzVNJGfL7lJ,,,,,,,,,,,,,291036,,,2025-11-14T09:04:46.482Z
spotify:track:6acv6ecblkzgJnWQYbTUTy,,,,,,,,,,,,,279924,,,2025-11-14T09:04:46.482Z
spotify:track:6mZtEcmhh7AiFRCdwlKZPh,,,,,,,,,,,,,183588,,,2025-11-14T09:04:46.482Z
spotify:track:6NBwxySSFbElhauACxCNqx,,,,,,,,,,,,,172920,,,2025-11-14T09:04:46.482Z
spotify:track:6p8icuHHSKO4U0QhIb89wU,,,,,,,,,,,,,282238,nova mpb,nova mpb; mpb; forró tradicional; nova mpb; forró,2025-11-14T09:04:46.482Z
spotify:track:6Qen4bdmho0oKLwfDwgu3n,,,,,,,,,,,,,208906,rap metal,rap metal; nu metal,2025-11-14T09:04:46.482Z
spotify:track:7t5Wr5xqdL3fjUGk9Xzn4J,,,,,,,,,,,,,175280,space rock,space rock,2025-11-14T09:04:46.482Z
spotify:track:0JaQc8LCU9DHMIc2vYaP9K,,,,,,,,,,,,,292973,aor,aor; classic rock,2025-11-14T09:04:46.482Z
spotify:track:0obzF8a4DaF3XrlOB16xlx,,,,,,,,,,,,,189146,,,2025-11-14T09:04:46.482Z
spotify:track:1AZfmYrGbcwel8Ys3RGLkc,,,,,,,,,,,,,171923,anime,anime,2025-11-14T09:04:46.482Z
spotify:track:1rIFZk9tTUtHP3vULR5wXe,,,,,,,,,,,,,190560,comedy,comedy,2025-11-14T09:04:46.482Z
spotify:track:1sWeSMifj6Z6kZyI6z3bRc,,,,,,,,,,,,,171040,,,2025-11-14T09:04:46.482Z
spotify:track:1v2zyAJrChw5JnfafSkwkJ,,,,,,,,,,,,,225786,jangle pop,jangle pop; alternative rock; rock,2025-11-14T09:04:46.482Z
spotify:track:2RnPATK99oGOZygnD2GTO6,,,,,,,,,,,,,164106,classic rock,classic rock; psychedelic rock,2025-11-14T09:04:46.482Z
spotify:track:3bidbhpOYeV4knp8AIu8Xn,,,,,,,,,,,,,258342,,,2025-11-14T09:04:46.482Z
spotify:track:3hMHG6lx9QHVcfYSUr5PoM,,,,,,,,,,,,,216346,yacht rock,yacht rock,2025-11-14T09:04:46.482Z
spotify:track:58vnVBWfKWIjSVvKTZJly2,,,,,,,,,,,,,163423,comedy,comedy,2025-11-14T09:04:46.482Z
spotify:track:5cAwcy1JKv4sKd9yHMKL36,,,,,,,,,,,,,179774,african gospel,african gospel; gospel,2025-11-14T09:04:46.482Z
spotify:track:5fKyecQMay6dMwjf9VdYkk,,,,,,,,,,,,,220792,,,2025-11-14T09:04:46.482Z
spotify:track:5rpmwkjhUVZvXun139ddzG,,,,,,,,,,,,,169720,,,2025-11-14T09:04:46.482Z
spotify:track:6tJFtthY0rI1x06qb8NjK0,,,,,,,,,,,,,198861,soundtrack,soundtrack,2025-11-14T09:04:46.482Z
spotify:track:72hcFp4tYkd3dbNA9dZ3Pv,,,,,,,,,,,,,316706,glam metal,glam metal; rock,2025-11-14T09:04:46.482Z
spotify:track:73rh3AJNXQl8iMWgWRrQTR,,,,,,,,,,,,,172515,edm,edm,2025-11-14T09:04:46.482Z
spotify:track:0dt2bECwIUEzWppQLeUqG6,,,,,,,,,,,,,225526,indie,indie,2025-11-14T09:04:46.482Z
spotify:track:0ieUviafigTnoovXhb8jyd,,,,,,,,,,,,,158710,,,2025-11-14T09:04:46.482Z
spotify:track:0OWhKvvsHptt6vnnNUSM9a,,,,,,,,,,,,,211739,country,country; red dirt,2025-11-14T09:04:46.482Z
spotify:track:0upFohXrGxIIAjyaJmCkMU,,,,,,,,,,,,,255946,,,2025-11-14T09:04:46.482Z
spotify:track:1auxYwYrFRqZP7t3s7w4um,,,,,,,,,,,,,219333,rap,rap; hip hop; east coast hip hop; rap,2025-11-14T09:04:46.482Z
spotify:track:1nOEnc4w1DeeIFJBw5F2ID,,,,,,,,,,,,,181690,,,2025-11-14T09:04:46.482Z
spotify:track:1yKu2MhpwzDXXH2tzG6xoa,,,,,,,,,,,,,196093,alternative rock,alternative rock,2025-11-14T09:04:46.482Z
spotify:track:2374M0fQpWi3dLnB54qaLX,,,,,,,,,,,,,295893,yacht rock,yacht rock; soft rock,2025-11-14T09:04:46.482Z
spotify:track:2UZrzUgr81FrP67jEK7BGQ,,,,,,,,,,,,,177426,,,2025-11-14T09:04:46.482Z
spotify:track:3BZGi1yUqQyCNC868AqUGG,,,,,,,,,,,,,286160,synthpop,synthpop,2025-11-14T09:04:46.482Z
spotify:track:3LaHsdzzmvhx6TJedpomVy,,,,,,,,,,,,,206426,,,2025-11-14T09:04:46.482Z
spotify:track:454I78HEySdcHE8fcVabTb,,,,,,,,,,,,,272240,,,2025-11-14T09:04:46.482Z
spotify:track:4U45aEWtQhrm8A5mxPaFZ7,,,,,,,,,,,,,214240,soft rock,soft rock,2025-11-14T09:04:46.482Z
spotify:track:63vL5oxWrlvaJ0ayNaQnbX,,,,,,,,,,,,,153813,,,2025-11-14T09:04:46.482Z
spotify:track:6erBowZaW6Ur3vNOWhS2zM,,,,,,,,,,,,,236066,,,2025-11-14T09:04:46.482Z
spotify:track:6fNhZRFEkBfgW39W3wKARJ,,,,,,,,,,,,,214147,,,2025-11-14T09:04:46.482Z
spotify:track:6mVD1SfTvlFAPVi7txFL5H,,,,,,,,,,,,,209626,garage rock,garage rock; indie rock; alternative rock,2025-11-14T09:04:46.482Z
spotify:track:6vcNJUWtUPB0hKC6VbZriY,,,,,,,,,,,,,178506,,,2025-11-14T09:04:47.589Z
spotify:track:7rSERmjAT38lC5QhJ8hnQc,,,,,,,,,,,,,153600,celtic punk,celtic punk; celtic rock; celtic; punk; folk punk,2025-11-14T09:04:47.589Z
spotify:track:00RYw42tKwXecTaVay3BKl,,,,,,,,,,,,,238186,,,2025-11-14T09:04:47.589Z
spotify:track:0MHHAIjPAd3OSfBS3H0fPg,,,,,,,,,,,,,235400,stoner rock,stoner rock; alternative rock,2025-11-14T09:04:47.589Z
spotify:track:0pQskrTITgmCMyr85tb9qq,,,,,,,,,,,,,254293,glam rock,glam rock; art rock,2025-11-14T09:04:47.589Z
spotify:track:1LLNEfss90q8rqMV51nDgh,,,,,,,,,,,,,199690,,,2025-11-14T09:04:47.589Z
spotify:track:20OFwXhEXf12DzwXmaV7fj,,,,,,,,,,,,,141600,classic rock,classic rock; southern rock; country rock,2025-11-14T09:04:47.589Z
spotify:track:2hKdd3qO7cWr2Jo0Bcs0MA,,,,,,,,,,,,,259933,soft pop,soft pop,2025-11-14T09:04:47.589Z
spotify:track:2SchCxsnYP3DeGPJlKDt0Q,,,,,,,,,,,,,212613,,,2025-11-14T09:04:47.589Z
spotify:track:2tpWsVSb9UEmDRxAl1zhX1,,,,,,,,,,,,,257265,soft pop,soft pop,2025-11-14T09:04:47.589Z
spotify:track:3e0yTP5trHBBVvV32jwXqF,,,,,,,,,,,,,321280,,,2025-11-14T09:04:47.589Z
spotify:track:3lPr8ghNDBLc2uZovNyLs9,,,,,,,,,,,,,212439,alternative rock,alternative rock; rock,2025-11-14T09:04:47.589Z
spotify:track:4fQVQKIiidREPI0MhFEuDn,,,,,,,,,,,,,228360,,,2025-11-14T09:04:47.589Z
spotify:track:4hf0hL4kWyjWztZzVsM39V,,,,,,,,,,,,,297306,,,2025-11-14T09:04:47.589Z
spotify:track:4mn2kNTqiGLwaUR8JdhJ1l,,,,,,,,,,,,,269906,classic rock,classic rock,2025-11-14T09:04:47.589Z
spotify:track:4S0zagxseJHOL5ZVnTQA6X,,,,,,,,,,,,,205925,math rock,math rock; djent; progressive metal; progressive rock,2025-11-14T09:04:47.589Z
spotify:track:4zlECZBJ3PABRywtQYUWas,,,,,,,,,,,,,301576,symphonic metal,symphonic metal; finnish rock; symphonic metal; gothic metal; power metal; gothic rock,2025-11-14T09:04:47.589Z
spotify:track:59FC22eN2Syt9bbv2d6393,,,,,,,,,,,,,289160,,,2025-11-14T09:04:47.589Z
spotify:track:5sG3G54H21hNfd5etlheoe,,,,,,,,,,,,,238573,punk,punk; hardcore punk,2025-11-14T09:04:47.589Z
spotify:track:6djogrE7rj6KTRE7OfxZkw,,,,,,,,,,,,,214960,,,2025-11-14T09:04:47.589Z
spotify:track:72uMc308fVHSOYv3Oy5DUU,,,,,,,,,,,,,227352,,,2025-11-14T09:04:47.589Z
spotify:track:06vOVdH94mIEjIgIhHdhdO,,,,,,,,,,,,,226693,garage rock,garage rock,2025-11-14T09:04:47.589Z
spotify:track:0GXwlEXCO8qeeeOIYpsR3m,,,,,,,,,,,,,252158,progressive metal,progressive metal; metalcore,2025-11-14T09:04:47.589Z
spotify:track:0meKbAXQpVUTzoTXzT2TT9,,,,,,,,,,,,,197466,power metal,power metal; symphonic metal,2025-11-14T09:04:47.589Z
spotify:track:14sv7kMWo8BTG0WO02ZaMs,,,,,,,,,,,,,258133,progressive metal,progressive metal; progressive rock,2025-11-14T09:04:47.589Z
spotify:track:1DOzG1q9CCUOtL2U1UrlCd,,,,,,,,,,,,,232484,,,2025-11-14T09:04:47.589Z
spotify:track:1MVqeIAwhD4T44AKVkIfic,,,,,,,,,,,,,222784,stutter house,stutter house; house,2025-11-14T09:04:47.589Z
spotify:track:1oi1PeOwGT0S1eyD1Ro4d1,,,,,,,,,,,,,231373,,,2025-11-14T09:04:47.589Z
spotify:track:1QL7nSDZCwZMnbisV4KOXt,,,,,,,,,,,,,168030,rap rock,rap rock,2025-11-14T09:04:47.589Z
spotify:track:2USlegnFJLrVLpoVfPimKB,,,,,,,,,,,,,160000,slap house,slap house; italo dance; slap house; melbourne bounce; italo dance,2025-11-14T09:04:47.589Z
spotify:track:3mwhCgIAHwwExh9ZBX5LwM,,,,,,,,,,,,,164200,stoner rock,stoner rock,2025-11-14T09:04:47.589Z
spotify:track:3qkFIjYRInFasy2jeDZPgm,,,,,,,,,,,,,226533,,,2025-11-14T09:04:47.589Z
spotify:track:427OHPoIWqO3SsFw77EkDf,,,,,,,,,,,,,166000,midwest emo,midwest emo; pop punk; emo,2025-11-14T09:04:47.589Z
spotify:track:4rrEWyRMmhquQdNwbNwHcn,,,,,,,,,,,,,186306,,,2025-11-14T09:04:47.589Z
spotify:track:53p7or9OC8PGNnGrd9gLBv,,,,,,,,,,,,,264946,,,2025-11-14T09:04:47.589Z
spotify:track:5tsa5jPfiVXtYZrHrlczbM,,,,,,,,,,,,,190453,stoner rock,stoner rock,2025-11-14T09:04:47.589Z
spotify:track:6fH7mPjZvaiWmY16zDtanq,,,,,,,,,,,,,186261,,,2025-11-14T09:04:47.589Z
spotify:track:6Op1AAvS0Jb3Gbom92zadJ,,,,,,,,,,,,,163458,bedroom pop,bedroom pop,2025-11-14T09:04:47.589Z
spotify:track:6Xqf4xkQzS8GYOdGmQVw74,,,,,,,,,,,,,194474,,,2025-11-14T09:04:47.589Z
spotify:track:16ePc0XhC3QFiC6qr6ZETA,,,,,,,,,,,,,265573,west coast hip hop,west coast hip hop; g-funk; gangster rap,2025-11-14T09:04:47.589Z
spotify:track:190jyVPHYjAqEaOGmMzdyk,,,,,,,,,,,,,227986,,,2025-11-14T09:04:47.589Z
spotify:track:2NBQmPrOEEjA8VbeWOQGxO,,,,,,,,,,,,,266066,g-funk,g-funk; west coast hip hop; gangster rap; hip hop; old school hip hop; rap,2025-11-14T09:04:47.589Z
spotify:track:2SDx0PooHZI1SQKR0y44bs,,,,,,,,,,,,,187733,,,2025-11-14T09:04:47.589Z
spotify:track:3KliPMvk1EvFZu9cvkj8p1,,,,,,,,,,,,,247960,pop,pop,2025-11-14T09:04:47.589Z
spotify:track:4PkJ7c9y1CwpuVOiJODnCZ,,,,,,,,,,,,,207466,post-grunge,post-grunge; rock,2025-11-14T09:04:47.589Z
spotify:track:4q26B1ucwbE6DgGytVBXpV,,,,,,,,,,,,,212053,,,2025-11-14T09:04:47.589Z
spotify:track:5HkvwkP7q01ArLWx4vTzKV,,,,,,,,,,,,,174545,uk r&b,uk r&b,2025-11-14T09:04:47.589Z
spotify:track:5lWSa1rmuSL6OBPOnkAqoa,,,,,,,,,,,,,220666,disco,disco,2025-11-14T09:04:47.589Z
spotify:track:5UBBJnFxsfjFxfrtvErQoH,,,,,,,,,,,,,201946,,,2025-11-14T09:04:47.589Z
spotify:track:665Jxlgi1HamPKbW1vwzx4,,,,,,,,,,,,,221133,aor,aor,2025-11-14T09:04:47.589Z
spotify:track:6I9VzXrHxO9rA9A5euc8Ak,,,,,,,,,,,,,198800,pop,pop,2025-11-14T09:04:48.223Z
spotify:track:6ntkwU1MhehTKgx4BWxX3f,,,,,,,,,,,,,181013,,,2025-11-14T09:04:48.223Z
spotify:track:6rO9a5g3J9qLYDKIdm2yui,,,,,,,,,,,,,180060,synthwave,synthwave,2025-11-14T09:04:48.223Z
spotify:track:6SmWHBXVdL14zir3Vzk0jH,,,,,,,,,,,,,261680,,,2025-11-14T09:04:48.223Z
spotify:track:6WC5fhc9XMaCrUNKNjm9xE,,,,,,,,,,,,,216466,pop,pop,2025-11-14T09:04:48.223Z
spotify:track:7jPdqwZug0ovtDZsY5uK4T,,,,,,,,,,,,,222633,,,2025-11-14T09:04:48.223Z
spotify:track:7nzsY8vlnKdvGOEE0rjAXZ,,,,,,,,,,,,,207356,indie,indie; garage rock,2025-11-14T09:04:48.223Z
spotify:track:0Am98XXjdvVo1O3fYpjaTs,,,,,,,,,,,,,198442,funk rock,funk rock; funk,2025-11-14T09:04:48.223Z
spotify:track:0QNeCiVrStI2hCrb2vCUWG,,,,,,,,,,,,,189453,metalcore,metalcore; post-hardcore; melodic hardcore,2025-11-14T09:04:48.223Z
spotify:track:0SPHbfBIe0mdRnae2MWuzr,,,,,,,,,,,,,202586,folk metal,folk metal; power metal; sea shanties; metal; medieval metal; celtic rock,2025-11-14T09:04:48.223Z
spotify:track:1aZLIbKEdsyqxyD6iNcrbA,,,,,,,,,,,,,267306,glam metal,glam metal; glam rock; classic rock,2025-11-14T09:04:48.223Z
spotify:track:2htdXVh1q7btFl88vZIW29,,,,,,,,,,,,,159308,metal,metal,2025-11-14T09:04:48.223Z
spotify:track:2TfSHkHiFO4gRztVIkggkE,,,,,,,,,,,,,229093,emo,emo; pop punk,2025-11-14T09:04:48.223Z
spotify:track:2X7c6r5N8eaSx2sDI5fztj,,,,,,,,,,,,,236226,indie rock,indie rock,2025-11-14T09:04:48.223Z
spotify:track:3aIhJDHxr1kgTSnutJxPTH,,,,,,,,,,,,,203133,,,2025-11-14T09:04:48.223Z
spotify:track:3Iw4Sk3o6D1vTHOpyNOC9r,,,,,,,,,,,,,215213,,,2025-11-14T09:04:48.223Z
spotify:track:48v8qYVzMztzgpebBefFmF,,,,,,,,,,,,,358773,britpop,britpop; madchester; alternative rock,2025-11-14T09:04:48.223Z
spotify:track:4h5m56ExHLPUC9NGz7U1Qa,,,,,,,,,,,,,298693,,,2025-11-14T09:04:48.223Z
spotify:track:5zlx3zEoFoTJ9YMERoyIHc,,,,,,,,,,,,,171600,,,2025-11-14T09:04:48.223Z
spotify:track:76hfruVvmfQbw0eYn1nmeC,,,,,,,,,,,,,219146,,,2025-11-14T09:04:48.223Z
spotify:track:7cdnq45E9aP2XDStHg5vd7,,,,,,,,,,,,,138706,riot grrrl,riot grrrl; proto-punk,2025-11-14T09:04:48.223Z
spotify:track:7KJvpM9fwlHMT1p3dCumdC,,,,,,,,,,,,,173557,,,2025-11-14T09:04:48.223Z
spotify:track:7ztostfOVw4ecVpVQVj9sx,,,,,,,,,,,,,157893,,,2025-11-14T09:04:48.223Z
spotify:track:0vf2eBw2inhl8y61cYQMv2,,,,,,,,,,,,,179955,bedroom pop,bedroom pop,2025-11-14T09:04:48.223Z
spotify:track:1g8dRVzAvmSOTfTz5m0H9K,,,,,,,,,,,,,275040,,,2025-11-14T09:04:48.223Z
spotify:track:2a7NRfaVMfob2BvkBmOxA0,,,,,,,,,,,,,203493,,,2025-11-14T09:04:48.223Z
spotify:track:2GV8KD7EvTPkuG7hGC6sX1,,,,,,,,,,,,,234933,,,2025-11-14T09:04:48.223Z
spotify:track:2JzZzZUQj3Qff7wapcbKjc,,,,,,,,,,,,,229525,rap,rap; soft pop; pop,2025-11-14T09:04:48.223Z
spotify:track:2NnsfBrYWXqcFnW1sZk9ss,,,,,,,,,,,,,201762,,,2025-11-14T09:04:48.223Z
spotify:track:3hRV0jL3vUpRrcy398teAU,,,,,,,,,,,,,208211,,,2025-11-14T09:04:48.223Z
spotify:track:3uliGwmB52ZA7brgpZMzyH,,,,,,,,,,,,,155413,,,2025-11-14T09:04:48.223Z
spotify:track:4MzySNjSdv9ZegSD13IVNV,,,,,,,,,,,,,271405,,,2025-11-14T09:04:48.223Z
spotify:track:4oRvBcdFxsOGuZUdC8vzva,,,,,,,,,,,,,179066,,,2025-11-14T09:04:48.223Z
spotify:track:53oXV8xhQKmCY43EcFcI8c,,,,,,,,,,,,,292680,pop punk,pop punk,2025-11-14T09:04:48.223Z
spotify:track:5hnGrTBaEsdukpDF6aZg8a,,,,,,,,,,,,,163603,,,2025-11-14T09:04:48.223Z
spotify:track:5nt7eRlOOJhrsBSrHWiY4I,,,,,,,,,,,,,265293,,,2025-11-14T09:04:48.223Z
spotify:track:5S0pF13mOsTnYweFwFy4D0,,,,,,,,,,,,,308440,,,2025-11-14T09:04:48.223Z
spotify:track:5Xak5fmy089t0FYmh3VJiY,,,,,,,,,,,,,342653,grunge,grunge; rock; post-grunge,2025-11-14T09:04:48.223Z
spotify:track:7LVHVU3tWfcxj5aiPFEW4Q,,,,,,,,,,,,,295533,,,2025-11-14T09:04:48.223Z
spotify:track:7pAT4dOUzjq8Ziap5ShIqC,,,,,,,,,,,,,231866,rap rock,rap rock,2025-11-14T09:04:48.223Z
spotify:track:0hrh211HEFDbqIpG6znlwQ,,,,,,,,,,,,,401008,,,2025-11-14T09:04:48.223Z
spotify:track:0S38Oso3I9vpDXcTb7kYt9,,,,,,,,,,,,,395716,progressive metal,progressive metal; metalcore,2025-11-14T09:04:48.223Z
spotify:track:1FGrw8CHZlMcMWzck3oCng,,,,,,,,,,,,,410997,,,2025-11-14T09:04:48.223Z
spotify:track:2jUcuBOT2eoBnoMBTM4L1i,,,,,,,,,,,,,546385,,,2025-11-14T09:04:48.223Z
spotify:track:3DK6m7It6Pw857FcQftMds,,,,,,,,,,,,,547733,rap,rap,2025-11-14T09:04:48.223Z
spotify:track:3UmaczJpikHgJFyBTAJVoz,,,,,,,,,,,,,404106,rap,rap; hip hop,2025-11-14T09:04:48.223Z
spotify:track:3ZIw7nCYObqthuWCuDrCu0,,,,,,,,,,,,,367026,funk rock,funk rock; alternative rock; rock,2025-11-14T09:04:48.223Z
spotify:track:40riOy7x9W7GXjyGp4pjAv,,,,,,,,,,,,,391376,classic rock,classic rock; yacht rock; soft rock,2025-11-14T09:04:48.223Z
spotify:track:5CQ30WqJwcep0pYcV4AMNc,,,,,,,,,,,,,482830,classic rock,classic rock; rock; hard rock; rock and roll,2025-11-14T09:04:48.223Z
spotify:track:5D7y9PEbt6y8dEcoD1nj6N,,,,,,,,,,,,,846573,power metal,power metal; speed metal; symphonic metal; metal; folk metal; medieval metal; heavy metal,2025-11-14T09:04:48.223Z
spotify:track:5HNCy40Ni5BZJFw1TKzRsC,,,,,,,,,,,,,382296,progressive rock,progressive rock; psychedelic rock; classic rock; art rock; rock,2025-11-14T09:04:48.818Z
spotify:track:5xcunlfaZvD9BDQsLONI7A,,,,,,,,,,,,,567106,idm,idm; big beat; acid house; breakbeat,2025-11-14T09:04:48.818Z
spotify:track:6bUNEbXT7HovLW6BgPCBsb,,,,,,,,,,,,,369573,southern hip hop,southern hip hop; hip hop,2025-11-14T09:04:48.818Z
spotify:track:6eN1f9KNmiWEhpE2RhQqB5,,,,,,,,,,,,,405600,rock,rock; glam metal; hard rock; classic rock,2025-11-14T09:04:48.818Z
spotify:track:6QAsrXPnMSXIbV0yEJHlEX,,,,,,,,,,,,,388733,metal,metal; thrash metal; rock; heavy metal; hard rock,2025-11-14T09:04:48.818Z
spotify:track:77vYwoC7e3pVoPq8BA9CuL,,,,,,,,,,,,,505773,,,2025-11-14T09:04:48.818Z
spotify:track:7H0MOWplwc6gf2AD1vTSYi,,,,,,,,,,,,,387066,big beat,big beat; breakbeat; hardcore techno,2025-11-14T09:04:48.818Z
spotify:track:7ouMYWpwJ422jRcDASZB7P,,,,,,,,,,,,,366213,alternative rock,alternative rock; rock,2025-11-14T09:04:48.818Z
spotify:track:7uMZy0bALAdneerERyr7Ks,,,,,,,,,,,,,453949,indie rock,indie rock; baroque pop,2025-11-14T09:04:48.818Z
spotify:track:1Ao5nOuAUm42ob1UVvOkgW,,,,,,,,,,,,,101789,,,2025-11-14T09:04:48.818Z
spotify:track:1HluMJo2qbaI9Dkt6ftiCK,,,,,,,,,,,,,110160,garage rock,garage rock,2025-11-14T09:04:48.818Z
spotify:track:1JLvr8qmZ6hQM7H6MsIqHV,,,,,,,,,,,,,111666,experimental hip hop,experimental hip hop; alternative hip hop; experimental hip hop; alternative hip hop; jazz rap; experimental hip hop; east coast hip hop; jazz rap; alternative hip hop,2025-11-14T09:04:48.818Z
spotify:track:1rjZicKSpIJ3WYffIK9Fuy,,,,,,,,,,,,,119047,,,2025-11-14T09:04:48.818Z
spotify:track:1TiV2G1C83c9AQNZbbMDDP,,,,,,,,,,,,,109053,emo,emo,2025-11-14T09:04:48.818Z
spotify:track:21Qsj3cMVCx2xF2EVVNbEu,,,,,,,,,,,,,110093,garage rock,garage rock; blues rock; rock; alternative rock,2025-11-14T09:04:48.818Z
spotify:track:2gNfxysfBRfl9Lvi9T3v6R,,,,,,,,,,,,,108546,neo-psychedelic,neo-psychedelic; indie,2025-11-14T09:04:48.818Z
spotify:track:3my33XXLpYUzVEeLOyftV2,,,,,,,,,,,,,115618,,,2025-11-14T09:04:48.818Z
spotify:track:4ELkYJjJpGXrh0tHtJ0Uav,,,,,,,,,,,,,97833,cloud rap,cloud rap; emo rap; horrorcore; trap metal; underground hip hop; cloud rap; emo rap; horrorcore,2025-11-14T09:04:48.818Z
spotify:track:5oD2Z1OOx1Tmcu2mc9sLY2,,,,,,,,,,,,,4933,grindcore,grindcore; death metal; metal; thrash metal,2025-11-14T09:04:48.818Z
spotify:track:5vwJ82xdkXpoty59jbAoW9,,,,,,,,,,,,,114386,stoner rock,stoner rock; alternative rock,2025-11-14T09:04:48.818Z
spotify:track:69F7HX0NulVaEcq8UeEVcK,,,,,,,,,,,,,77241,,,2025-11-14T09:04:48.818Z
spotify:track:6Jub05dvpbF4Im83NqMCUg,,,,,,,,,,,,,91226,,,2025-11-14T09:04:48.818Z
spotify:track:6S9lcjREUTU4Yv5y7oMcv2,,,,,,,,,,,,,119386,rockabilly,rockabilly,2025-11-14T09:04:48.818Z
spotify:track:717oSBYrcR8awQgUsmyE32,,,,,,,,,,,,,114666,punk,punk; skate punk,2025-11-14T09:04:48.818Z
spotify:track:7D9Yoasa4taTNAP0BTRdGL,,,,,,,,,,,,,72577,,,2025-11-14T09:04:48.818Z
spotify:track:7sEwg5LnC77gsi4JjjPQJ6,,,,,,,,,,,,,115206,math rock,math rock; mathcore; djent; progressive metal,2025-11-14T09:04:48.818Z
spotify:track:7tFQ3b5G5dju6FqoFtD2IR,,,,,,,,,,,,,102920,rockabilly,rockabilly; rock and roll,2025-11-14T09:04:48.818Z
spotify:track:0AX4LyIiMib6sAGYntUaK9,,,,,,,,,,,,,264457,post-hardcore,post-hardcore; metalcore,2025-11-14T09:04:48.818Z
spotify:track:0JiY190vktuhSGN6aqJdrt,,,,,,,,,,,,,215160,,,2025-11-14T09:04:48.818Z
spotify:track:0oWraSo5ASJ0h1BEagTyEw,,,,,,,,,,,,,225300,art pop,art pop; pop,2025-11-14T09:04:48.818Z
spotify:track:18DJQsejI5e1ZwO2wyuP2g,,,,,,,,,,,,,234476,,,2025-11-14T09:04:48.818Z
spotify:track:1D9HQactbJoUudf9B119Y5,,,,,,,,,,,,,231600,,,2025-11-14T09:04:48.818Z
spotify:track:1ixbwbeBi5ufN4noUKmW5a,,,,,,,,,,,,,205200,,,2025-11-14T09:04:48.818Z
spotify:track:1ShRHPAiiIrh0arZbSFmx1,,,,,,,,,,,,,253213,bedroom pop,bedroom pop,2025-11-14T09:04:48.818Z
spotify:track:1z6WtY7X4HQJvzxC4UgkSf,,,,,,,,,,,,,267413,,,2025-11-14T09:04:48.818Z
spotify:track:2am4mMmrFR9dPbmofFT0w0,,,,,,,,,,,,,243466,,,2025-11-14T09:04:48.818Z
spotify:track:2V4Bc2I962j7acQj1N0PiQ,,,,,,,,,,,,,162666,riot grrrl,riot grrrl; grunge,2025-11-14T09:04:48.818Z
spotify:track:3AwR0sYaAAr06zXDK1R3sF,,,,,,,,,,,,,207971,,,2025-11-14T09:04:48.818Z
spotify:track:401y3CGGbwRAOQP4jVdGc5,,,,,,,,,,,,,153800,riot grrrl,riot grrrl; punk,2025-11-14T09:04:48.818Z
spotify:track:4KfSdst7rW39C0sfhArdrz,,,,,,,,,,,,,261933,classic rock,classic rock; aor; rock,2025-11-14T09:04:48.818Z
spotify:track:5t8NXa2fugcTPsTfhVILmS,,,,,,,,,,,,,305571,metal,metal; djent; progressive metal; groove metal; metalcore,2025-11-14T09:04:48.818Z
spotify:track:5z0QlOV93W6Yo7DG2SYOJP,,,,,,,,,,,,,197209,pop punk,pop punk,2025-11-14T09:04:48.818Z
spotify:track:60rHc4AkLlP4XVSATvBb6K,,,,,,,,,,,,,183506,,,2025-11-14T09:04:48.818Z
spotify:track:6sxptembJVty4sNtcPMAVz,,,,,,,,,,,,,234493,country,country,2025-11-14T09:04:48.818Z
spotify:track:70eDxAyAraNTiD6lx2ZEnH,,,,,,,,,,,,,202173,,,2025-11-14T09:04:48.818Z
spotify:track:7Chqf4yGnQlLWAWic9b0ET,,,,,,,,,,,,,267986,symphonic metal,symphonic metal; gothic metal; gothic rock; power metal; metal,2025-11-14T09:04:48.818Z
spotify:track:0fX4oNGBWO3dSGUZcVdVV2,,,,,,,,,,,,,195950,hip hop,hip hop; west coast hip hop,2025-11-14T09:04:48.818Z
spotify:track:0vjYxBDAcflD0358arIVZG,,,,,,,,,,,,,187853,garage rock,garage rock; rock,2025-11-14T09:04:48.818Z
spotify:track:0zjB7ewBWnMgQDMQpFzt92,,,,,,,,,,,,,196200,,,2025-11-14T09:04:48.818Z
spotify:track:2DrMcGNKEY0FZqjMovGaCm,,,,,,,,,,,,,197506,nu metal,nu metal; rap metal; rock; alternative metal,2025-11-14T09:04:48.818Z
spotify:track:2haIaCgfAIpfAoqRZsCRZw,,,,,,,,,,,,,212093,glam metal,glam metal; glam rock; classic rock; country; classic country,2025-11-14T09:04:49.435Z
spotify:track:3dPQuX8Gs42Y7b454ybpMR,,,,,,,,,,,,,232106,garage rock,garage rock; blues rock; rock; alternative rock,2025-11-14T09:04:49.435Z
spotify:track:3h5zik31hTTat9jmpCZZNC,,,,,,,,,,,,,263573,alternative rock,alternative rock; rock,2025-11-14T09:04:49.435Z
spotify:track:3K4HG9evC7dg3N0R9cYqk4,,,,,,,,,,,,,157333,nu metal,nu metal; rap metal; rock; alternative metal,2025-11-14T09:04:49.435Z
spotify:track:3p3t4C8mvtZrFBRs6OE7eY,,,,,,,,,,,,,228333,metalcore,metalcore; metal,2025-11-14T09:04:49.435Z
spotify:track:3RGXI4Dye5QAzsdnv4BW2w,,,,,,,,,,,,,266506,,,2025-11-14T09:04:49.435Z
spotify:track:3v3VFa7Dt32gNR27jfw7DG,,,,,,,,,,,,,233818,math rock,math rock; djent; progressive metal; progressive rock,2025-11-14T09:04:49.435Z
spotify:track:42T2QQv3xgBlpQxaSP7lnK,,,,,,,,,,,,,238240,post-grunge,post-grunge,2025-11-14T09:04:49.435Z
spotify:track:4Mxef2s34ecbB6UtSdSf9E,,,,,,,,,,,,,310376,stoner rock,stoner rock,2025-11-14T09:04:49.435Z
spotify:track:5872goUpkJgh11uslHaa2G,,,,,,,,,,,,,189986,,,2025-11-14T09:04:49.435Z
spotify:track:5HfpfO2iSUZJBVbL7nsA6h,,,,,,,,,,,,,212626,electro swing,electro swing,2025-11-14T09:04:49.435Z
spotify:track:5QOBT97OmYCZo1W5u7tRrB,,,,,,,,,,,,,181545,stutter house,stutter house; house,2025-11-14T09:04:49.435Z
spotify:track:64yrDBpcdwEdNY9loyEGbX,,,,,,,,,,,,,321093,punk,punk; pop punk,2025-11-14T09:04:49.435Z
spotify:track:6AioOohg4bQZFA4jIYQQ2r,,,,,,,,,,,,,364520,progressive metal,progressive metal; alternative metal; progressive rock; metal,2025-11-14T09:04:49.435Z
spotify:track:0GONea6G2XdnHWjNZd6zt3,,,,,,,,,,,,,216053,,,2025-11-14T09:04:49.435Z
spotify:track:0qi4b1l0eT3jpzeNHeFXDT,,,,,,,,,,,,,220893,new wave,new wave; synthpop; darkwave,2025-11-14T09:04:49.435Z
spotify:track:0X1sqQ652p1sceKM2nJlIJ,,,,,,,,,,,,,230666,glam metal,glam metal; rock,2025-11-14T09:04:49.435Z
spotify:track:0YMFcrMtBowDdD5bPz0cgy,,,,,,,,,,,,,161600,,,2025-11-14T09:04:49.435Z
spotify:track:1Hv1VTm8zeOeybub15mA2R,,,,,,,,,,,,,258693,,,2025-11-14T09:04:49.435Z
spotify:track:1jDJFeK9x3OZboIAHsY9k2,,,,,,,,,,,,,183440,,,2025-11-14T09:04:49.435Z
spotify:track:1mCsF9Tw4AkIZOjvZbZZdT,,,,,,,,,,,,,184480,,,2025-11-14T09:04:49.435Z
spotify:track:1pTw2cNrp9L3esxLAvWnN2,,,,,,,,,,,,,323453,aor,aor; classic rock,2025-11-14T09:04:49.435Z
spotify:track:1VfAf8quz0k7e66QQgYOXF,,,,,,,,,,,,,175689,,,2025-11-14T09:04:49.435Z
spotify:track:2dCmGcEOQrMQhMMS8Vj7Ca,,,,,,,,,,,,,205466,funk,funk; motown; disco,2025-11-14T09:04:49.435Z
spotify:track:2mpdTbHtsUTbunJ62itq2E,,,,,,,,,,,,,517093,heavy metal,heavy metal; metal; hard rock; rock,2025-11-14T09:04:49.435Z
spotify:track:2MuWTIM3b0YEAskbeeFE1i,,,,,,,,,,,,,515386,metal,metal; thrash metal; rock; heavy metal; hard rock,2025-11-14T09:04:49.435Z
spotify:track:2tjb6V24kf6sDUdEFNf3m9,,,,,,,,,,,,,230560,power metal,power metal; heavy metal; metal; hard rock,2025-11-14T09:04:49.435Z
spotify:track:3cbV252akVZInSvJk7jAYX,,,,,,,,,,,,,237053,,,2025-11-14T09:04:49.435Z
spotify:track:4Ln6CP07DElm8ay1RxyYa9,,,,,,,,,,,,,237320,swedish pop,swedish pop,2025-11-14T09:04:49.435Z
spotify:track:5BCykgPXc7zEBg2oU0klvy,,,,,,,,,,,,,205360,,,2025-11-14T09:04:49.435Z
spotify:track:5XcZRgJv3zMhTqCyESjQrF,,,,,,,,,,,,,270080,glam rock,glam rock; hard rock; glam metal; proto-punk; classic rock,2025-11-14T09:04:49.435Z
spotify:track:6qUEOWqOzu1rLPUPQ1ECpx,,,,,,,,,,,,,310386,old school hip hop,old school hip hop; east coast hip hop; hip hop; classic rock; rock,2025-11-14T09:04:49.435Z
spotify:track:7cMQPvEEDqKRHzyYkJR3QY,,,,,,,,,,,,,226266,glam metal,glam metal,2025-11-14T09:04:49.435Z
spotify:track:09VW2o6EHSWwzCdhW4ARU1,,,,,,,,,,,,,142831,,,2025-11-14T09:04:49.435Z
spotify:track:0wYqzaaSzMK42KanTZaI88,,,,,,,,,,,,,161095,,,2025-11-14T09:04:49.435Z
spotify:track:11d9oUiwHuYt216EFA2tiz,,,,,,,,,,,,,271466,,,2025-11-14T09:04:49.435Z
spotify:track:1ACZpHI5vZ5Ea4xGlkdGWM,,,,,,,,,,,,,328666,,,2025-11-14T09:04:49.435Z
spotify:track:2KldK81uQyPpbJLwEekaLQ,,,,,,,,,,,,,201493,comedy,comedy,2025-11-14T09:04:49.435Z
spotify:track:3ebfDw8WEbf0DxGh47R2lo,,,,,,,,,,,,,269184,christian hip hop,christian hip hop,2025-11-14T09:04:49.435Z
spotify:track:3IA0UBjjGmCM9Xu8SzS7hD,,,,,,,,,,,,,209736,,,2025-11-14T09:04:49.435Z
spotify:track:3vZO25GdYuqFrR1kzZADnp,,,,,,,,,,,,,226933,east coast hip hop,east coast hip hop; neo soul,2025-11-14T09:04:49.436Z
spotify:track:47SJcoi329tD5TwD6m9CJ4,,,,,,,,,,,,,244693,hip hop,hip hop; east coast hip hop; rap; nu metal; rap metal; rock; alternative metal,2025-11-14T09:04:49.436Z
spotify:track:4aOvp1FN6lA5IjcnOWJsQu,,,,,,,,,,,,,236906,christian hip hop,christian hip hop; christian; christian pop; ccm; christian rock; christian hip hop; cedm; worship; christian alternative rock,2025-11-14T09:04:49.436Z
spotify:track:4CiVz4bw7X1zjCaJ5ZwxUS,,,,,,,,,,,,,203948,emo,emo; rap metal,2025-11-14T09:04:49.436Z
spotify:track:4dASQiO1Eoo3RJvt74FtXB,,,,,,,,,,,,,243490,rap,rap; rap; hip hop; trap soul,2025-11-14T09:04:49.436Z
spotify:track:503OTo2dSqe7qk76rgsbep,,,,,,,,,,,,,270586,g-funk,g-funk; west coast hip hop; gangster rap; hip hop; old school hip hop; rap; old school hip hop; g-funk; gangster rap; west coast hip hop; hip hop; rap,2025-11-14T09:04:49.436Z
spotify:track:5HQVUIKwCEXpe7JIHyY734,,,,,,,,,,,,,207333,g-funk,g-funk; west coast hip hop; gangster rap; hip hop; old school hip hop; rap; rap,2025-11-14T09:04:49.436Z
spotify:track:5HVpeBzmQHF9yL0ZBt0Rao,,,,,,,,,,,,,206807,glitch,glitch,2025-11-14T09:04:49.436Z
spotify:track:5rLyYxZNzca00ENADO9m54,,,,,,,,,,,,,196800,christian hip hop,christian hip hop,2025-11-14T09:04:49.436Z
spotify:track:6BDoYKMD9I4qJgXHtlY4ms,,,,,,,,,,,,,176947,trap metal,trap metal; horrorcore; trap metal; horrorcore; j-rap,2025-11-14T09:04:49.436Z
spotify:track:6e8Ou0wiqAzIpWb2eSxll8,,,,,,,,,,,,,197560,,,2025-11-14T09:04:50.142Z
spotify:track:7dyluIqv7QYVTXXZiMWPHW,,,,,,,,,,,,,205280,hip hop,hip hop; east coast hip hop; rap; nu metal; rap metal; rock; alternative metal,2025-11-14T09:04:50.142Z
spotify:track:0Q2bGwvx3oECbpe3W5yyBv,,,,,,,,,,,,,156176,polka,polka,2025-11-14T09:04:50.142Z
spotify:track:11HaTjMKcdbL4RvQjql4IU,,,,,,,,,,,,,158146,comedy,comedy,2025-11-14T09:04:50.142Z
spotify:track:1DapWGOWwFA24Fg5ab6znL,,,,,,,,,,,,,186359,outlaw country,outlaw country; country,2025-11-14T09:04:50.142Z
spotify:track:1gPRoX2iVsbJnkWBGrW7Kg,,,,,,,,,,,,,239349,post-punk,post-punk; egg punk,2025-11-14T09:04:50.142Z
spotify:track:1h97BSnSd64PJZrUlQl92H,,,,,,,,,,,,,109440,,,2025-11-14T09:04:50.142Z
spotify:track:1ia7SzrvrEQo0RYbAhVxXq,,,,,,,,,,,,,199714,,,2025-11-14T09:04:50.142Z
spotify:track:1xlPeQm5LICSUONSh6atX0,,,,,,,,,,,,,188181,,,2025-11-14T09:04:50.142Z
spotify:track:280Y9MmTJacpEVjCeqdyxz,,,,,,,,,,,,,149533,glam metal,glam metal; glam rock,2025-11-14T09:04:50.142Z
spotify:track:3KoxKGuJJQz1m1N1clnROk,,,,,,,,,,,,,139636,,,2025-11-14T09:04:50.142Z
spotify:track:3USOTQdPtZlgVurwaqsdI5,,,,,,,,,,,,,123666,comedy,comedy,2025-11-14T09:04:50.142Z
spotify:track:49iHYFjT5yO6WEw6KerX9o,,,,,,,,,,,,,206360,christmas,christmas,2025-11-14T09:04:50.142Z
spotify:track:4j6lDQ7Nl4ClcTtur36CMN,,,,,,,,,,,,,196840,,,2025-11-14T09:04:50.142Z
spotify:track:4YrHstsd94FtVYpl25thiM,,,,,,,,,,,,,156813,comedy,comedy,2025-11-14T09:04:50.142Z
spotify:track:5HOpkTTVcmZHnthgyxrIL8,,,,,,,,,,,,,213708,,,2025-11-14T09:04:50.142Z
spotify:track:60VtX59NsRINDnObbDtH7G,,,,,,,,,,,,,161053,comedy,comedy,2025-11-14T09:04:50.142Z
spotify:track:6DApR7ydoLVnRcwgAZvGzo,,,,,,,,,,,,,278918,acid rock,acid rock; garage rock; baroque pop; underground hip hop,2025-11-14T09:04:50.142Z
spotify:track:6WUeQiXtr5KQB4RT4fbr63,,,,,,,,,,,,,244826,comedy,comedy,2025-11-14T09:04:50.142Z
spotify:track:7dUCFnaGSWLH6SdDP08NLP,,,,,,,,,,,,,164933,sea shanties,sea shanties; comedy,2025-11-14T09:04:50.142Z
spotify:track:0ExL3yud4W6gVfG6brvGE3,,,,,,,,,,,,,193226,alternative rock,alternative rock,2025-11-14T09:04:50.142Z
spotify:track:0IktbUcnAGrvD03AWnz3Q8,,,,,,,,,,,,,189613,soft pop,soft pop; acoustic pop,2025-11-14T09:04:50.142Z
spotify:track:0voq3BUXS38G6fwNlTr2sH,,,,,,,,,,,,,230493,,,2025-11-14T09:04:50.142Z
spotify:track:0Z57YWES04xGh3AImDz6Qr,,,,,,,,,,,,,189293,,,2025-11-14T09:04:50.142Z
spotify:track:1AdYZ6X00nXmO613Y7GJOl,,,,,,,,,,,,,227250,pop punk,pop punk; punk; rock; skate punk; emo,2025-11-14T09:04:50.142Z
spotify:track:1mSxbLW7fKABfeY4lGpg0E,,,,,,,,,,,,,250440,mpb,mpb; nova mpb,2025-11-14T09:04:50.142Z
spotify:track:25FTMokYEbEWHEdss5JLZS,,,,,,,,,,,,,241666,,,2025-11-14T09:04:50.142Z
spotify:track:2GFExyKXf9383tSRSrEHEt,,,,,,,,,,,,,221466,neo soul,neo soul,2025-11-14T09:04:50.142Z
spotify:track:2Lumsra3kuU61wXkEKzKaK,,,,,,,,,,,,,152760,indie,indie,2025-11-14T09:04:50.142Z
spotify:track:2nUy0ifVE7UwtOK4rugFsP,,,,,,,,,,,,,298106,metalcore,metalcore; metal,2025-11-14T09:04:50.142Z
spotify:track:2VzIKcQrGL6O16YHGNDlyR,,,,,,,,,,,,,188081,,,2025-11-14T09:04:50.142Z
spotify:track:3vkCueOmm7xQDoJ17W1Pm3,,,,,,,,,,,,,137773,,,2025-11-14T09:04:50.142Z
spotify:track:3zJWuYVp9BGZNL7hHpXvyz,,,,,,,,,,,,,211924,,,2025-11-14T09:04:50.142Z
spotify:track:44G9fSM6qI8zRoG6Qwn3eq,,,,,,,,,,,,,231120,soft pop,soft pop,2025-11-14T09:04:50.142Z
spotify:track:4XYQtNf5BxGeAiwR0YU2Gn,,,,,,,,,,,,,186160,classic rock,classic rock; yacht rock; soft rock,2025-11-14T09:04:50.142Z
spotify:track:4yNk9iz9WVJikRFle3XEvn,,,,,,,,,,,,,209259,,,2025-11-14T09:04:50.142Z
spotify:track:6lFUdRItQEsEuD7dSINL47,,,,,,,,,,,,,231106,metalcore,metalcore; emo; screamo; rock; post-hardcore,2025-11-14T09:04:50.142Z
spotify:track:6qqrTXSdwiJaq8SO0X2lSe,,,,,,,,,,,,,186964,,,2025-11-14T09:04:50.142Z
spotify:track:754kgU5rWscRTfvlsuEwFp,,,,,,,,,,,,,208680,,,2025-11-14T09:04:50.142Z
spotify:track:0E0kfeUYrxB9mlv5vOSKU7,,,,,,,,,,,,,274285,drum and bass,drum and bass; liquid funk; drumstep; east coast hip hop; boom bap; old school hip hop,2025-11-14T09:04:50.142Z
spotify:track:0Mf6WhWLfOpzOxacvbcboj,,,,,,,,,,,,,296053,,,2025-11-14T09:04:50.142Z
spotify:track:0WbMK4wrZ1wFSty9F7FCgu,,,,,,,,,,,,,218423,,,2025-11-14T09:04:50.142Z
spotify:track:1gyee1JuFFiP476LQpRMYU,,,,,,,,,,,,,238400,alternative metal,alternative metal; nu metal; post-grunge,2025-11-14T09:04:50.142Z
spotify:track:1KCefM9CSkZRXFld6NSwal,,,,,,,,,,,,,202874,,,2025-11-14T09:04:50.142Z
spotify:track:1lGHekpbRzDCaWqn3PgLoH,,,,,,,,,,,,,161146,post-hardcore,post-hardcore; metalcore,2025-11-14T09:04:50.142Z
spotify:track:1p1QkQp5L6D9YNe61K9mvQ,,,,,,,,,,,,,217293,,,2025-11-14T09:04:50.142Z
spotify:track:1vkXc8Tz3dZGNZoU2WF3la,,,,,,,,,,,,,185454,edm,edm,2025-11-14T09:04:50.142Z
spotify:track:25CbtOzU8Pn17SAaXFjIR3,,,,,,,,,,,,,336440,rap metal,rap metal; rap rock; alternative metal; nu metal,2025-11-14T09:04:50.142Z
spotify:track:2aEuA8PSqLa17Y4hKPj5rr,,,,,,,,,,,,,226333,europop,europop; italo disco; eurodance,2025-11-14T09:04:50.142Z
spotify:track:3VIJBrMpvimHEw5wtPh2wB,,,,,,,,,,,,,233639,indie,indie,2025-11-14T09:04:50.142Z
spotify:track:44FcHS05J9VkzOBjmRFr1y,,,,,,,,,,,,,192529,,,2025-11-14T09:04:50.965Z
spotify:track:4C8BE3t81w312DkR750OnL,,,,,,,,,,,,,204163,,,2025-11-14T09:04:50.965Z
spotify:track:54jvLVojOWiQRubRfKmZ2k,,,,,,,,,,,,,219906,,,2025-11-14T09:04:50.965Z
spotify:track:5rgy6ghBq1eRApCkeUdJXf,,,,,,,,,,,,,250626,alternative r&b,alternative r&b,2025-11-14T09:04:50.965Z
spotify:track:6WiGRFQfx2qw49MA7OeDYK,,,,,,,,,,,,,178369,,,2025-11-14T09:04:50.965Z
spotify:track:7jDKJSjIjT93v7brsZDcoT,,,,,,,,,,,,,210296,industrial rock,industrial rock; industrial; industrial metal; alternative metal; nu metal,2025-11-14T09:04:50.965Z
spotify:track:0bTLGlCqwZXwJGWGE2Dywg,,,,,,,,,,,,,223880,grunge,grunge; rock,2025-11-14T09:04:50.965Z
spotify:track:0hCB0YR03f6AmQaHbwWDe8,,,,,,,,,,,,,333893,classic rock,classic rock; rock; hard rock; rock and roll,2025-11-14T09:04:50.965Z
spotify:track:0LBmvPJYmtEJ7kkWvc3kbT,,,,,,,,,,,,,161893,grunge,grunge; rock; post-grunge,2025-11-14T09:04:50.965Z
spotify:track:1jMaB19DiVR8OihLSuYFOt,,,,,,,,,,,,,246920,grunge,grunge; post-grunge; hard rock,2025-11-14T09:04:50.965Z
spotify:track:1ntxpzIUbSsizvuAy6lTYY,,,,,,,,,,,,,146573,psychedelic rock,psychedelic rock; classic rock; acid rock; blues rock,2025-11-14T09:04:50.965Z
spotify:track:2B8lQXfBQ2kC3QNRwFds6g,,,,,,,,,,,,,192506,,,2025-11-14T09:04:50.965Z
spotify:track:2ctH2HRZsDD4A78rHNGhqN,,,,,,,,,,,,,199600,nu metal,nu metal; funk rock; alternative metal; alternative rock,2025-11-14T09:04:50.965Z
spotify:track:2UWdUez9MB9yzL7Y81Mcip,,,,,,,,,,,,,315200,indie rock,indie rock; baroque pop,2025-11-14T09:04:50.965Z
spotify:track:31AOj9sFz2gM0O3hMARRBx,,,,,,,,,,,,,268426,jangle pop,jangle pop; alternative rock; rock,2025-11-14T09:04:50.965Z
spotify:track:4iCKnLmStgw3iyUztgNzi3,,,,,,,,,,,,,172260,celtic rock,celtic rock; celtic punk; celtic; folk punk,2025-11-14T09:04:50.965Z
spotify:track:61mWefnWQOLf90gepjOCb3,,,,,,,,,,,,,252613,nu metal,nu metal; metal; alternative metal; rap metal; heavy metal,2025-11-14T09:04:50.965Z
spotify:track:68OfR28SM9D06I3UfGC2p9,,,,,,,,,,,,,223089,metalcore,metalcore; metal; deathcore,2025-11-14T09:04:50.965Z
spotify:track:6h8TvDRaMTRfe2TIG6dqpH,,,,,,,,,,,,,289177,,,2025-11-14T09:04:50.965Z
spotify:track:6MjnU3lzNxI9pGz1XECsDw,,,,,,,,,,,,,226920,bluegrass,bluegrass; finnish rock,2025-11-14T09:04:50.965Z
spotify:track:72Z17vmmeQKAg8bptWvpVG,,,,,,,,,,,,,318026,glam rock,glam rock; art rock,2025-11-14T09:04:50.965Z
spotify:track:7iCSfoLBuenTKZoWIgqY9Q,,,,,,,,,,,,,188717,afrobeats,afrobeats; afrobeat; afropop; afroswing; dancehall; afropiano,2025-11-14T09:04:50.965Z
spotify:track:0GQ5bFTVFFKpwNPc7KwQnB,,,,,,,,,,,,,234653,rap,rap; hip hop,2025-11-14T09:04:50.965Z
spotify:track:0UaMYEvWZi0ZqiDOoHU3YI,,,,,,,,,,,,,226863,hip hop,hip hop,2025-11-14T09:04:50.965Z
spotify:track:1dzp7lsgNDCg2NQJyIwaZz,,,,,,,,,,,,,185357,dubstep,dubstep; edm; dub,2025-11-14T09:04:50.965Z
spotify:track:1nrWrZkGdSqz3UaDkv3Z35,,,,,,,,,,,,,228586,groove metal,groove metal; metal,2025-11-14T09:04:50.965Z
spotify:track:22L7bfCiAkJo5xGSQgmiIO,,,,,,,,,,,,,299613,rap,rap,2025-11-14T09:04:50.965Z
spotify:track:25qmm4JIi2JYsQBQ9Fm43B,,,,,,,,,,,,,225701,noise rock,noise rock; industrial; witch house; industrial rock; industrial metal; metalcore; deathstep,2025-11-14T09:04:50.965Z
spotify:track:2bLqfJjuC5syrsgDsZfGmn,,,,,,,,,,,,,179120,,,2025-11-14T09:04:50.965Z
spotify:track:2nRPe20CA8MXIITIMY3q8G,,,,,,,,,,,,,166613,,,2025-11-14T09:04:50.965Z
spotify:track:4bkn2I48urEzfZEuCSwr78,,,,,,,,,,,,,306368,,,2025-11-14T09:04:50.965Z
spotify:track:4J5bAXeFoRh7rCD88ZmhvH,,,,,,,,,,,,,211279,,,2025-11-14T09:04:50.965Z
spotify:track:4p4YWRwlMj6XFcHkOrAbG7,,,,,,,,,,,,,244426,roots rock,roots rock,2025-11-14T09:04:50.965Z
spotify:track:4UKJUbcuStnnxLeJmVJsSc,,,,,,,,,,,,,176561,moombahton,moombahton,2025-11-14T09:04:50.965Z
spotify:track:7CZyCXKG6d5ALeq41sLzbw,,,,,,,,,,,,,229573,metal,metal; glam metal; heavy metal; hard rock; rap,2025-11-14T09:04:50.965Z
spotify:track:7dm3cGVcTODdeXBJujYiXL,,,,,,,,,,,,,301320,progressive metal,progressive metal; progressive rock; symphonic metal; power metal; metal,2025-11-14T09:04:50.965Z
spotify:track:7hvO2qCwJVZxiyoA7c9i5d,,,,,,,,,,,,,209120,soft pop,soft pop; country; outlaw country,2025-11-14T09:04:50.965Z
spotify:track:7tWObLDZvkXipaTs2g5lVG,,,,,,,,,,,,,193912,pop punk,pop punk; midwest emo; punk,2025-11-14T09:04:50.965Z
spotify:track:0Dh7UaIMVrl3G091Y96zFn,,,,,,,,,,,,,123827,stoner rock,stoner rock; stoner metal; sludge metal; space rock,2025-11-14T09:04:50.965Z
spotify:track:0jY829pCMnstlNtaE72vSB,,,,,,,,,,,,,204786,metal,metal; nu metal; alternative metal; rap metal; hard rock,2025-11-14T09:04:50.965Z
spotify:track:1tecfydTJfh9cKUJV4d3vo,,,,,,,,,,,,,243061,,,2025-11-14T09:04:50.965Z
spotify:track:22ML0MuFKfw16WejbxsLOy,,,,,,,,,,,,,209360,aor,aor,2025-11-14T09:04:50.965Z
spotify:track:262RJtiqytpugV1UvDicN9,,,,,,,,,,,,,167533,emo,emo; pop punk,2025-11-14T09:04:50.965Z
spotify:track:2avKuMN2QXkaG9vvHa2JLt,,,,,,,,,,,,,321040,nu metal,nu metal; rap metal; alternative metal; rap rock,2025-11-14T09:04:50.965Z
spotify:track:2WRFD9WczJ975X2K1Y9YVs,,,,,,,,,,,,,221000,indie rock,indie rock,2025-11-14T09:04:50.965Z
spotify:track:2ygMBIctKIAfbEBcT9065L,,,,,,,,,,,,,213066,,,2025-11-14T09:04:50.965Z
spotify:track:3OcsJwdFNp5PI9p9to8FE3,,,,,,,,,,,,,235026,hard rock,hard rock; gothic rock; glam metal,2025-11-14T09:04:50.965Z
spotify:track:5gB2IrxOCX2j9bMnHKP38i,,,,,,,,,,,,,275640,country,country,2025-11-14T09:04:50.965Z
spotify:track:5NLuC70kZQv8q34QyQa1DP,,,,,,,,,,,,,208653,rap rock,rap rock; old school hip hop; east coast hip hop; hip hop,2025-11-14T09:04:50.965Z
spotify:track:6JymsaWDHk2Yj4e0yNBIFH,,,,,,,,,,,,,214946,,,2025-11-14T09:04:50.965Z
spotify:track:6O07S5jyxG1e2hri4pcIjY,,,,,,,,,,,,,213010,,,2025-11-14T09:04:51.596Z
spotify:track:79CUrU5o2KAVDTNm4x3eGU,,,,,,,,,,,,,279800,big beat,big beat; breakbeat; hardcore techno,2025-11-14T09:04:51.596Z
spotify:track:7kcpHWatuYs5khreMZICS8,,,,,,,,,,,,,187451,post-punk,post-punk; punk; noise rock,2025-11-14T09:04:51.596Z
spotify:track:7M2tXmeS15NAzEn7ABFeBg,,,,,,,,,,,,,245386,rap,rap; hip hop,2025-11-14T09:04:51.596Z
spotify:track:7ybIcMrSGMNBlZk0FLkvls,,,,,,,,,,,,,196106,skate punk,skate punk; punk; pop punk,2025-11-14T09:04:51.596Z
spotify:track:08cf3XvVLx0XD6l4izl0jb,,,,,,,,,,,,,242070,,,2025-11-14T09:04:51.596Z
spotify:track:0kYMwaQWABTkFff8AZjmYI,,,,,,,,,,,,,215040,,,2025-11-14T09:04:51.596Z
spotify:track:0nCAVzknkzRXRgB6LhRv04,,,,,,,,,,,,,134906,,,2025-11-14T09:04:51.596Z
spotify:track:1JVTJW3UezKcVPef1Ke5b7,,,,,,,,,,,,,262226,,,2025-11-14T09:04:51.596Z
spotify:track:297PYWIVLP38C1a92ND8Kv,,,,,,,,,,,,,201133,,,2025-11-14T09:04:51.596Z
spotify:track:2LDkKIFr5iSwoEkrgGGGGE,,,,,,,,,,,,,170066,brazilian rock,brazilian rock; brazilian pop; mpb,2025-11-14T09:04:51.596Z
spotify:track:2SgbR6ttzoNlCRGQOKjrop,,,,,,,,,,,,,243533,groove metal,groove metal; metal; thrash metal; heavy metal,2025-11-14T09:04:51.596Z
spotify:track:3inSAmtjMjAePyBUqh5Z3r,,,,,,,,,,,,,247013,metal,metal; glam metal; heavy metal; hard rock,2025-11-14T09:04:51.596Z
spotify:track:3kXoKlD84c6OmIcOLfrfEs,,,,,,,,,,,,,216022,funk,funk; disco,2025-11-14T09:04:51.596Z
spotify:track:40o6g3WCInNS7uFlI9rUZy,,,,,,,,,,,,,158053,,,2025-11-14T09:04:51.596Z
spotify:track:4SSnFejRGlZikf02HLewEF,,,,,,,,,,,,,193143,,,2025-11-14T09:04:51.596Z
spotify:track:5jRQvcl66ovRTjUwzXziZA,,,,,,,,,,,,,253866,classic rock,classic rock; southern rock; country rock,2025-11-14T09:04:51.596Z
spotify:track:5wQnmLuC1W7ATsArWACrgW,,,,,,,,,,,,,311106,emo,emo; pop punk,2025-11-14T09:04:51.596Z
spotify:track:7aOor99o8NNLZYElOXlBG1,,,,,,,,,,,,,180640,rock,rock,2025-11-14T09:04:51.596Z
spotify:track:7GkM8M2EC8OJblOxQxAR7t,,,,,,,,,,,,,139160,classic rock,classic rock; southern rock; country rock,2025-11-14T09:04:51.596Z
spotify:track:00xWJo63OSXjWyihycznbe,,,,,,,,,,,,,197982,cumbia,cumbia; cumbia norteña,2025-11-14T09:04:51.596Z
spotify:track:0knsBJ21cqAbgjdr2i0R9b,,,,,,,,,,,,,160844,hardstyle,hardstyle; nightcore; hardstyle,2025-11-14T09:04:51.596Z
spotify:track:0O45fw2L5vsWpdsOdXwNAR,,,,,,,,,,,,,242733,,,2025-11-14T09:04:51.596Z
spotify:track:1SAkL1mYNJlaqnBQxVZrRl,,,,,,,,,,,,,262826,old school hip hop,old school hip hop,2025-11-14T09:04:51.596Z
spotify:track:1SssFw74DdHVjRa6ADggdD,,,,,,,,,,,,,227067,reggae,reggae; roots reggae,2025-11-14T09:04:51.596Z
spotify:track:1Yk0cQdMLx5RzzFTYwmuld,,,,,,,,,,,,,295502,soft pop,soft pop,2025-11-14T09:04:51.596Z
spotify:track:29tnryGLEZCD6rpMncxU9S,,,,,,,,,,,,,276560,,,2025-11-14T09:04:51.596Z
spotify:track:2stkLJ0JNcXkIRDNF3ld6c,,,,,,,,,,,,,124160,,,2025-11-14T09:04:51.596Z
spotify:track:3OFwjx4x49bqIi8W7kRzzV,,,,,,,,,,,,,373093,gqom,gqom; amapiano,2025-11-14T09:04:51.596Z
spotify:track:3OTGZhc6EuE1XZ8849hHi2,,,,,,,,,,,,,123464,punk,punk; pop punk,2025-11-14T09:04:51.596Z
spotify:track:4PTG3Z6ehGkBFwjybzWkR8,,,,,,,,,,,,,213573,,,2025-11-14T09:04:51.596Z
spotify:track:5eqiMMbaeUZ32Q7sS00H35,,,,,,,,,,,,,260239,,,2025-11-14T09:04:51.596Z
spotify:track:6KRsQtqdY4EilCDbWW1EgV,,,,,,,,,,,,,341682,,,2025-11-14T09:04:51.596Z
spotify:track:6L5xbckRDXIf5K1pwTaGkD,,,,,,,,,,,,,204436,edm,edm; electro house; big room; edm; progressive house; techno; big room; hard techno; techno; acid techno; hypertechno,2025-11-14T09:04:51.596Z
spotify:track:7EjyzZcbLxW7PaaLua9Ksb,,,,,,,,,,,,,137133,surf rock,surf rock; proto-punk,2025-11-14T09:04:51.596Z
spotify:track:7m8wiHGjtlJ5UQvqiCjhV5,,,,,,,,,,,,,119558,electroclash,electroclash,2025-11-14T09:04:51.596Z
spotify:track:0smyCrJiibi2uwCiq5R1vj,,,,,,,,,,,,,242733,,,2025-11-14T09:04:51.596Z
spotify:track:26uzS4AhDPEYbGwcWFWB2O,,,,,,,,,,,,,196506,,,2025-11-14T09:04:51.596Z
spotify:track:2DaEFCMaprAH4vZmzQYaxc,,,,,,,,,,,,,217066,modern blues,modern blues; blues rock,2025-11-14T09:04:51.596Z
spotify:track:2lwwrWVKdf3LR9lbbhnr6R,,,,,,,,,,,,,208466,indie rock,indie rock; indie; alternative rock,2025-11-14T09:04:51.596Z
spotify:track:2PpruBYCo4H7WOBJ7Q2EwM,,,,,,,,,,,,,235213,southern hip hop,southern hip hop; hip hop,2025-11-14T09:04:51.596Z
spotify:track:3Fzlg5r1IjhLk2qRw667od,,,,,,,,,,,,,232693,,,2025-11-14T09:04:51.596Z
spotify:track:3RdO6FKB2of4EddE1Uxlpa,,,,,,,,,,,,,187838,pop punk,pop punk,2025-11-14T09:04:51.596Z
spotify:track:4CeeEOM32jQcH3eN9Q2dGj,,,,,,,,,,,,,301920,grunge,grunge; rock,2025-11-14T09:04:51.596Z
spotify:track:4KacUpvbA3Mfo05gttTjhN,,,,,,,,,,,,,178266,pop punk,pop punk; punk; skate punk,2025-11-14T09:04:51.596Z
spotify:track:4MSj19TwYBLgDFj3ddEeco,,,,,,,,,,,,,145599,tropical house,tropical house,2025-11-14T09:04:51.596Z
spotify:track:57iDDD9N9tTWe75x6qhStw,,,,,,,,,,,,,357266,britpop,britpop; shoegaze,2025-11-14T09:04:51.596Z
spotify:track:5eS6pTvDNOvh2kyxeZtK3r,,,,,,,,,,,,,387506,french house,french house; electronic; electro,2025-11-14T09:04:51.596Z
spotify:track:6GG73Jik4jUlQCkKg9JuGO,,,,,,,,,,,,,165853,emo,emo; pop punk,2025-11-14T09:04:51.596Z
spotify:track:6Gqzr5DpN48FESo5uHGsJ7,,,,,,,,,,,,,253178,afropop,afropop; amapiano; afro soul; gqom,2025-11-14T09:04:51.596Z
spotify:track:6QgjcU0zLnzq5OrUoSZ3OK,,,,,,,,,,,,,163253,,,2025-11-14T09:04:52.305Z
spotify:track:0SaK0ipZhNK904aYpqh2bh,,,,,,,,,,,,,204977,,,2025-11-14T09:04:52.305Z
spotify:track:0U7k3FA9j87TO5jAi15ylT,,,,,,,,,,,,,221419,,,2025-11-14T09:04:52.305Z
spotify:track:1hJdzermHhYNWxiu0Fw5h9,,,,,,,,,,,,,239508,,,2025-11-14T09:04:52.305Z
spotify:track:20BFo9REyGdCxrlPmD3xph,,,,,,,,,,,,,203826,,,2025-11-14T09:04:52.305Z
spotify:track:3K6poepPfveodD8NQq1R0X,,,,,,,,,,,,,267053,,,2025-11-14T09:04:52.305Z
spotify:track:3UMbZWBBN0CSjPHqgaQItA,,,,,,,,,,,,,151733,egg punk,egg punk,2025-11-14T09:04:52.305Z
spotify:track:4eTN4kEeexKdkAE804WJfv,,,,,,,,,,,,,248523,,,2025-11-14T09:04:52.305Z
spotify:track:6Df0RNShcnfIJmrRoJ6Gc9,,,,,,,,,,,,,238002,alternative rock,alternative rock; rock,2025-11-14T09:04:52.305Z
spotify:track:6ONyZXRIEiZWWnAA1F5YvH,,,,,,,,,,,,,287159,hardcore punk,hardcore punk; hardcore,2025-11-14T09:04:52.305Z
spotify:track:6r3jteHvR25BRmiHHJO12i,,,,,,,,,,,,,198292,,,2025-11-14T09:04:52.305Z
spotify:track:6rWLrj4M3PDu6XpgjY7vAU,,,,,,,,,,,,,118608,,,2025-11-14T09:04:52.305Z
spotify:track:6V7bxWg4mmuU4ILbYPQJvd,,,,,,,,,,,,,190320,,,2025-11-14T09:04:52.305Z
spotify:track:71MZKO0M24RBAk6ubkt2SG,,,,,,,,,,,,,162240,french rap,french rap; liquid funk,2025-11-14T09:04:52.305Z
spotify:track:7E47zOXHdx0Ob0Bu5GxCs6,,,,,,,,,,,,,157200,,,2025-11-14T09:04:52.305Z
spotify:track:7KaPirdYI1EUhma39W8RVH,,,,,,,,,,,,,149446,hyperpop,hyperpop,2025-11-14T09:04:52.305Z
spotify:track:7oSZ6MfZPLsJ2pEc7tu3zz,,,,,,,,,,,,,201333,metalcore,metalcore,2025-11-14T09:04:52.305Z
spotify:track:1zzxoZVylsna2BQB65Ppcb,,,,,,,,,,,,,217586,east coast hip hop,east coast hip hop; old school hip hop; hardcore hip hop,2025-11-14T09:04:52.305Z
spotify:track:2KmEgiY8fQs0G6WNxtzQKr,,,,,,,,,,,,,300400,classic rock,classic rock; rock,2025-11-14T09:04:52.305Z
spotify:track:34xGLuxM0rkxhCVyMSqwJO,,,,,,,,,,,,,313684,,,2025-11-14T09:04:52.305Z
spotify:track:3bBE6dotfVu7eUeMdDe74a,,,,,,,,,,,,,248280,classic rock,classic rock,2025-11-14T09:04:52.305Z
spotify:track:3z8h0TU7ReDPLIbEnYhWZb,,,,,,,,,,,,,354947,classic rock,classic rock; rock; glam rock,2025-11-14T09:04:52.305Z
spotify:track:4VmHI9Fk1DATymjdTiHGbb,,,,,,,,,,,,,202106,,,2025-11-14T09:04:52.306Z
spotify:track:5VBwLOZDyDWInNYIUniuZG,,,,,,,,,,,,,544800,,,2025-11-14T09:04:52.306Z
spotify:track:5Yz9Urz9CYn1HLiOlYkU1r,,,,,,,,,,,,,235815,blues rock,blues rock; modern blues,2025-11-14T09:04:52.306Z
spotify:track:62dD6AMgEvZq5OCHAZ7d9a,,,,,,,,,,,,,1421466,classical,classical; orchestral; classical piano; classical; classical; orchestral; opera; requiem; classical; opera; orchestral; requiem,2025-11-14T09:04:52.306Z
spotify:track:6dNJ3lasVLPd0078T9yqlm,,,,,,,,,,,,,279666,stoner rock,stoner rock,2025-11-14T09:04:52.306Z
spotify:track:6K4t31amVTZDgR3sKmwUJJ,,,,,,,,,,,,,216320,neo-psychedelic,neo-psychedelic; indie,2025-11-14T09:04:52.306Z
spotify:track:6Nm8h73ycDG2saCnZV8poF,,,,,,,,,,,,,222826,industrial metal,industrial metal; industrial rock; alternative metal; metal; nu metal,2025-11-14T09:04:52.306Z
spotify:track:6tS3XVuOyu10897O3ae7bi,,,,,,,,,,,,,234653,g-funk,g-funk; west coast hip hop; gangster rap; hip hop; old school hip hop; rap; pop,2025-11-14T09:04:52.306Z
spotify:track:7bYZBVrnRfqeaPbhRyEvK3,,,,,,,,,,,,,235613,g-funk,g-funk,2025-11-14T09:04:52.306Z
spotify:track:0fr0rZE7Migw6vTmrpJodk,,,,,,,,,,,,,221681,,,2025-11-14T09:04:52.306Z
spotify:track:0JnYYTNUXb3dY53k37EjUR,,,,,,,,,,,,,194366,,,2025-11-14T09:04:52.306Z
spotify:track:0L6D2O1wPsvDz9UlNvxR6u,,,,,,,,,,,,,153120,nederpop,nederpop,2025-11-14T09:04:52.306Z
spotify:track:1XO6137E1Qs8zNykX1ZUj7,,,,,,,,,,,,,268213,,,2025-11-14T09:04:52.306Z
spotify:track:210wTN57NaTZfqYwcFK8P2,,,,,,,,,,,,,256200,,,2025-11-14T09:04:52.306Z
spotify:track:2PAEKTFAiEGCUelGmtNLXj,,,,,,,,,,,,,220626,afro tech,afro tech,2025-11-14T09:04:52.306Z
spotify:track:2rISyeextfQVjIzHhxKjLZ,,,,,,,,,,,,,233986,stoner metal,stoner metal,2025-11-14T09:04:52.306Z
spotify:track:2W4VAbHvNmehBULxV0X4u3,,,,,,,,,,,,,219750,,,2025-11-14T09:04:52.306Z
spotify:track:3cQ269xiTYlh4E2HqUSash,,,,,,,,,,,,,140487,,,2025-11-14T09:04:52.306Z
spotify:track:4JgkpRBb3CZ38CMyyj5z3F,,,,,,,,,,,,,219141,,,2025-11-14T09:04:52.306Z
spotify:track:5EdKpHVNlOuoQIf8rjvRrc,,,,,,,,,,,,,171508,pop punk,pop punk,2025-11-14T09:04:52.306Z
spotify:track:5JWuFYnZuq1LagPAQEts3H,,,,,,,,,,,,,277354,,,2025-11-14T09:04:52.306Z
spotify:track:6ArdKvO53ScSLT9nVOCZhJ,,,,,,,,,,,,,273999,,,2025-11-14T09:04:52.306Z
spotify:track:6x8GEdenhHZIDyJzmSU0oX,,,,,,,,,,,,,171424,,,2025-11-14T09:04:52.306Z
spotify:track:7khXO8XOnhXVgoTVftybJf,,,,,,,,,,,,,257253,,,2025-11-14T09:04:52.306Z
spotify:track:7L0ZszqJ2Niya1yHp7FcXo,,,,,,,,,,,,,216240,,,2025-11-14T09:04:52.306Z
spotify:track:7LENvCM03NF93ww2gqLGO4,,,,,,,,,,,,,192116,,,2025-11-14T09:04:52.306Z
spotify:track:1FS21kclHQ2vVi3U1ZxETc,,,,,,,,,,,,,324240,big beat,big beat,2025-11-14T09:04:52.306Z
spotify:track:1qDrWA6lyx8cLECdZE7TV7,,,,,,,,,,,,,244884,,,2025-11-14T09:04:52.306Z
spotify:track:1XtgF9N4G9xDiYiVfu3cID,,,,,,,,,,,,,132577,afro house,afro house,2025-11-14T09:04:52.732Z
spotify:track:303ccTay2FiDTZ9fZ2AdBt,,,,,,,,,,,,,403293,french house,french house; french house; french house; french house,2025-11-14T09:04:52.732Z
spotify:track:3LPLRNr58Z9Pn0clnEtkXb,,,,,,,,,,,,,249302,,,2025-11-14T09:04:52.732Z
spotify:track:49X0LAl6faAusYq02PRAY6,,,,,,,,,,,,,307153,french house,french house; disco house,2025-11-14T09:04:52.732Z
spotify:track:4INDiWSKvqSKDEu7mh8HFz,,,,,,,,,,,,,257399,old school hip hop,old school hip hop; gangster rap; east coast hip hop; hip hop; hip hop; east coast hip hop,2025-11-14T09:04:52.732Z
spotify:track:5GCz9BOkt17aI6ZOR3EiUl,,,,,,,,,,,,,175666,brazilian hip hop,brazilian hip hop; samba; brazilian rock; brazilian hip hop; mpb,2025-11-14T09:04:52.732Z
spotify:track:5JGT0QEUDWZ6cZv6zj0yTF,,,,,,,,,,,,,175266,,,2025-11-14T09:04:52.732Z
spotify:track:5rX6C5QVvvZB7XckETNych,,,,,,,,,,,,,297586,,,2025-11-14T09:04:52.732Z
spotify:track:6FZDfxM3a3UCqtzo5pxSLZ,,,,,,,,,,,,,201660,,,2025-11-14T09:04:52.732Z
spotify:track:75IN3CtuZwTHTnZvYM4qnJ,,,,,,,,,,,,,268400,rap,rap; hip hop,2025-11-14T09:04:52.732Z
spotify:track:0snQkGI5qnAmohLE7jTsTn,,,,,,,,,,,,,218933,nu metal,nu metal; metal; alternative metal; rap metal; rock,2025-11-14T09:04:52.732Z
spotify:track:0WTt4UIUMbVIAnXhaPq7iu,,,,,,,,,,,,,187831,metalcore,metalcore; post-hardcore,2025-11-14T09:04:52.732Z
spotify:track:11maSPwKMsQpwQ3JAANZyt,,,,,,,,,,,,,202106,,,2025-11-14T09:04:52.732Z
spotify:track:1C4kEFOxvrFDoiTPm0mXT5,,,,,,,,,,,,,326983,,,2025-11-14T09:04:52.732Z
spotify:track:22wnEMAQaNrbot1dwmeucH,,,,,,,,,,,,,252106,grunge,grunge; post-grunge; alternative metal,2025-11-14T09:04:52.732Z
spotify:track:32FMAbZAzs3D70UuvnN6y4,,,,,,,,,,,,,164174,,,2025-11-14T09:04:52.732Z
spotify:track:4LWbCqYBxv0R59boBJcozr,,,,,,,,,,,,,306626,choral,choral; african gospel,2025-11-14T09:04:52.732Z
spotify:track:51txLjbvSBRvtxjCjAFLkM,,,,,,,,,,,,,197933,garage rock,garage rock; rock,2025-11-14T09:04:52.732Z
spotify:track:5avojSRpLKbyT9VxJ6Brq6,,,,,,,,,,,,,166706,heavy metal,heavy metal; metal; speed metal; hard rock; rock,2025-11-14T09:04:52.732Z
spotify:track:5tewIdMVsaJWN19ZnmnPNN,,,,,,,,,,,,,228693,new wave,new wave; synthpop,2025-11-14T09:04:52.732Z
spotify:track:68qTHvSgGliiPUaiIXOvTu,,,,,,,,,,,,,341960,post-hardcore,post-hardcore; screamo; emo,2025-11-14T09:04:52.732Z
spotify:track:6lrTEb0STphGs4FmsrFktB,,,,,,,,,,,,,205238,,,2025-11-14T09:04:52.732Z
spotify:track:7fkx4LjpBn5Ae9utQNymVo,,,,,,,,,,,,,196283,death metal,death metal; progressive metal; djent; deathcore; metal; melodic death metal,2025-11-14T09:04:52.732Z
spotify:track:7oDFvnqXkXuiZa1sACXobj,,,,,,,,,,,,,246200,art rock,art rock; alternative rock,2025-11-14T09:04:52.732Z